2019-01-05|work pause game game game game pause work work pause stream stream pause work work work work pause browse browse
2019-01-06|game game game game pause work work pause stream stream pause work work work work pause browse browse
2019-01-07|pause work work pause stream stream stream pause work work work work pause browse browse
2019-01-08|work pause pause work work work work pause game game game game pause browse browse pause work work
2019-01-09|work pause pause work work work work pause game game game game pause browse browse pause work work
2019-01-10|pause work work pause game game game game pause browse browse pause work work pause browse browse
2019-01-11|game game game pause work work pause stream stream pause work work work work pause browse browse
2019-01-12|work pause work work work work pause game game game pause browse browse pause work work
2019-01-13|work pause game game game game game pause browse pause work game game game pause work work
2019-01-14|work pause pause work work pause game game pause browse browse pause work work work work
2019-01-15|work pause work work work work pause game game game pause work work work work
2019-01-16|pause work work pause game game game game pause browse browse pause work work pause browse browse
2019-01-17|game game game pause work work pause stream stream pause work work work work pause browse browse
