2019-01-05|work work work work pause work work work work work browse work work browse
2019-01-06|pause work work browse work work pause work work work browse work work
2019-01-07|work work pause work work work browse browse work work browse work work 
2019-01-08|work work work work work work work work work pause browse work work browse
2019-01-09|pause work work browse work work work pause work work work browse work work
2019-01-10|work work pause work work work browse browse work work work browse work work 
2019-01-11|work work work work work pause work work browse work work work
2019-01-12|work work work work work pause browse browse work work browse work work 
2019-01-13|work work pause work work work pause browse browse browse work work work
2019-01-14|work work work work work pause browse work work work browse work work 
2019-01-15|work work work work work pause work work browse browse browse
2019-01-16|work work work work work pause browse browse work work browse work work 
2019-01-17|work work pause work work work pause browse browse browse work work work
2019-01-18|work work work work pause browse browse work work browse work work 
2019-01-19|work work pause work pause work work work work work work work
2019-01-20|work work work work work pause browse work work work browse work work 
